<?xml version="1.0" encoding="UTF-8" standalone="yes"?>
<addon id="plugin.program.galaxywizard" name="[COLOR aqua]Galaxy[/COLOR] Wizard" version="1.0.0" provider-name="drinfernoo, slamious">
    <requires>
        <import addon="xbmc.python" version="3.0.0" />
        <import addon="script.module.requests" />
        <import addon="script.module.six" />
        <import addon="script.kodi.android.update" optional="true" version="1.1.7" />
        <import addon="script.speedtester" optional="true" version="1.1.2" />
    </requires>
    
    <extension point="xbmc.python.pluginsource" library="default.py">
        <provides>executable</provides>
    </extension>
    
    <extension point="xbmc.service" library="startup.py" start="startup" />
    
    <extension point="xbmc.addon.metadata">
        <summary lang="en">The Galaxy Build wizard.</summary>
        <description lang="en">Wizard used to install and maintain Galaxy Build. IYKYK.</description>
        <platform>all</platform>
        <reuselanguageinvoker>false</reuselanguageinvoker>
        <source>https://www.github.com/a4k-openproject/plugin.program.openwizard/</source>
        <news>
1.0.0
 - Initial Release
        </news>
        <assets>
            <icon>icon.png</icon>
            <fanart>fanart.png</fanart>
        </assets>
    </extension>
</addon>
