<?xml version="1.0" encoding="UTF-8" standalone="yes"?>
<addon id="repository.galaxywizard" name="Galaxy Wizard Repository" version="1.0" provider-name="GalaxyDevTeam">
    <extension point="xbmc.addon.repository" name="Example Repository">
        <dir>
            <info compressed="false">https://raw.githubusercontent.com/gbuild021/galaxywizard/main/repo/zips/addons.xml</info>
            <checksum>https://raw.githubusercontent.com/gbuild021/galaxywizard/main/repo/zips/addons.xml.md5</checksum>
            <datadir zip="true">https://raw.githubusercontent.com/gbuild021/galaxywizard/main/repo/zips/</datadir>
        </dir>
    </extension>
    <extension point="xbmc.addon.metadata">
        <summary>Galaxy Wizard Repository</summary>
        <description>This repository hosts the Galaxy Build Wizard.</description>
        <disclaimer></disclaimer>
        <platform>all</platform>
        <assets>
            <icon>icon.png</icon>
            <fanart>fanart.jpg</fanart>
        </assets>
    </extension>
</addon>
